Po_number_code;dumny
SG-0052;test
SG 0052;
CM0001;
CA-0003;
CG-0028;
CB-0010;
PJ-0041;
PJ-0049;
PE-0005;
PM-0082;
PM-0241;
CM-0001;
CC-0009;
SC-0052;
PM-0225;
SC-0013;
PM-0012;
PE-0037;
PM-0006B;
PM-0171;
PM-0095;
CE-0006B;
PM-0251;
PJ-0016;
PM-0197;
PP-0845;
PM-0010;
PM-0249;
PM-0238;
PM-0253;
PM-0159;
PM-0218;
PM-0033;
PP-0012;
PJ-0009;
PJ-0067;
PM-0042;
PM-0094;
PM-0072;
PM-0009A;
PM-0034B;
PM-0149;
PM-0034;
CA-0017;
CA-0015;
PS-0016;
CA-0004;
PM-0195;
PM-0032;
PE-0002;
PJ-0055;
PJ-0019;
PM-0833;
PJ-0195;
PM-0007;
PM-0023;
PM-0022;
PE-0001;
CM-0006;
PM-0096;
PJ-0033;
CC-0012;
PE-001;
PP-0027;
PM-0205;
PM-0242;
PP-2102;
PJ-0010;
CA-0028;
CA-0027;
CA-00027;
PM-0193;
PS-0917;
PM-0153;
CM-0012;
CG-0004;
PM-0103;
PM-0009;
SG-0054;
PM-0006A;
PM-2165;
PU-0782;
CA-0029;
PP-0007;
PP-0043F;
PJ-0044;
PJ-0042;
PJ-0006;
PP-0033;
PP-0043;
PP-1073;
PP-2004;
PP-2017;
PP-2055;
PP-2108;
PJ-2025;
PP-0046;
PDN-8069;
PM-0039;
PS-0616;
PM-0132;
PM-0078;
PM-0004;
PM-0001;
PM-0250;
PE-0006;
PM-0034A;
PM-0047;
PS-0917BW;
PM-0041;
PP-0022;
PM-0246;
PM-0102;
SG-0509;
PT-0022;
PJ-0005;
PJ-0074;
PJ-2303;
PJ-2069;
PP-0005;
CC-0005;
PP-2192;
PM-0090;
PM-0247;
PJ-0043;
CM-0001 & SC-0013;
PJ-0013;
PM-0245;
PJ-0001;
PM-0480;
PP-0029;
CM-0017;
CB-0003;
CG-0027;
CC-0003;
CC-0019;
PP-1071;
PP-2294;
PJ-0012;
PM-0158;
PM-0015;
PM-0258;
CM-0023;
PJ-0048;
PP-2314;
PS-0019;
PM-0159C;
PS-0022;
PM-0254;
PJ-0003;
PS-2373;
PS-2335;
P3-2335;
PM-0154;
CB-0012;
PJ-0004;
PM-0093;
PP-0454;
PP-0860;
PP-0898;
PM-0048;
PM-0129;
PE-0016;
PP-0035;
PP-0012E;
SG=-0052;
PP-0039;
sg-0052; 
Sg-0052;
